{"RuleTriggered": 1, "Violations": 2, "Details": {"pin_memory": false, "num_workers": 0, "cores": 4, "dataloaders": 1, "dataloading_time": {"p25": 3.007752, "p50": 3.3832735, "p95": 4.62671, "probs": [1, 0, 0, 0, 0, 0, 0, 0, 0, 0, 0, 0, 0, 1, 0, 0, 0, 0, 0, 0, 0, 0, 2, 1, 0, 0, 0, 0, 0, 0, 0, 0, 0, 0, 1, 0, 0, 0, 0, 0, 0, 0, 0, 0, 0, 0, 1, 0, 1, 0, 0, 0, 0, 1, 0, 0, 0, 0, 0, 0, 0, 0, 0, 0, 0, 0, 0, 0, 0, 0, 1, 0, 0, 0, 0, 0, 0, 0, 0, 0, 0, 0, 0, 0, 0, 0, 0, 0, 0, 0, 0, 0, 0, 0, 0, 0, 0, 0, 0, 2], "binedges": [2.537783, 2.55867227, 2.5795615400000003, 2.6004508100000003, 2.62134008, 2.64222935, 2.66311862, 2.68400789, 2.7048971600000002, 2.7257864300000003, 2.7466757, 2.76756497, 2.78845424, 2.80934351, 2.8302327800000002, 2.8511220500000003, 2.8720113200000004, 2.89290059, 2.91378986, 2.93467913, 2.9555684, 2.9764576700000003, 2.99734694, 3.01823621, 3.03912548, 3.06001475, 3.08090402, 3.1017932900000003, 3.1226825600000003, 3.14357183, 3.1644611, 3.18535037, 3.20623964, 3.2271289100000002, 3.2480181800000003, 3.2689074500000004, 3.28979672, 3.31068599, 3.33157526, 3.35246453, 3.3733538000000003, 3.39424307, 3.4151323400000004, 3.43602161, 3.45691088, 3.47780015, 3.4986894200000003, 3.5195786900000003, 3.54046796, 3.5613572300000005, 3.5822465, 3.60313577, 3.6240250400000003, 3.64491431, 3.6658035800000004, 3.68669285, 3.70758212, 3.72847139, 3.7493606600000002, 3.7702499300000003, 3.7911392, 3.8120284700000004, 3.83291774, 3.85380701, 3.87469628, 3.8955855500000003, 3.9164748200000004, 3.93736409, 3.9582533600000005, 3.97914263, 4.0000319, 4.02092117, 4.041810440000001, 4.06269971, 4.08358898, 4.1044782500000005, 4.12536752, 4.146256790000001, 4.16714606, 4.18803533, 4.2089246000000005, 4.22981387, 4.250703140000001, 4.27159241, 4.29248168, 4.31337095, 4.33426022, 4.3551494900000005, 4.37603876, 4.39692803, 4.4178173, 4.438706570000001, 4.45959584, 4.48048511, 4.501374380000001, 4.52226365, 4.543152920000001, 4.56404219, 4.58493146, 4.6058207300000005, 4.62671]}}, "Datapoints": 12, "RuleParameters": "min_threshold:70\nmax_threshold:200"}