{"RuleTriggered": 0, "Violations": 0, "Details": {"step_num": {"first": 1675268932460333, "last": 1675270187848774}, "job_start": 1675268874.500904, "job_end": 1675270199.500562}, "Datapoints": 106, "RuleParameters": "threshold:20"}