{"RuleTriggered": 0, "Violations": 0, "Details": {"ratio": {"cpu_functions": 100.0}, "phase": {"Step:ModeKeys.TRAIN": 90.41068249272023, "others": 1.3104311256899046, "Step:ModeKeys.EVAL": 8.278886381589864}, "phase_time": {}, "CPU": {"aten::conv2d": 17.501843618012558, "aten::convolution": 17.501476961632214, "aten::_convolution": 17.50120343147363, "aten::mkldnn_convolution": 17.500516906766386, "aten::batch_norm": 5.277066638105559, "aten::_batch_norm_impl_index": 5.276632948840956, "aten::native_batch_norm": 5.276113106574101, "aten::max_pool2d": 2.5308110241633615, "aten::max_pool2d_with_indices": 2.4856279359194233, "enumerate(DataLoader)#_SingleProcessDataLoaderIter.__next__": 9.148707428511802}, "CPU_total": {"aten::conv2d": 77805833, "aten::convolution": 77804203, "aten::_convolution": 77802987, "aten::mkldnn_convolution": 77799935, "aten::batch_norm": 23459618, "aten::_batch_norm_impl_index": 23457690, "aten::native_batch_norm": 23455379, "aten::max_pool2d": 11250921, "aten::max_pool2d_with_indices": 11050056, "enumerate(DataLoader)#_SingleProcessDataLoaderIter.__next__": 40671304}, "general": {"DataLoaderIterInitialize": 7.104037628666511e-05, "DataLoaderIter": 3.3337581382501065, "Forward": 96.66617082137361}}, "Datapoints": 0, "RuleParameters": ""}